sample_size,trial,grid_information_error
100,0,0.02764613592822232
100,1,0.004536579044870176
100,2,0.014639533817821349
100,3,0.008288265526537983
100,4,0.0443306214401602
100,5,0.02079724305248032
100,6,0.008962190634829864
100,7,0.02851443097479943
100,8,0.015202171227176375
100,9,0.009804080753097827
100,10,0.00732814435242074
100,11,0.011967871034882366
100,12,0.0039014708188212788
100,13,0.018040430742521305
100,14,0.01342273464589179
100,15,0.013692606598412135
100,16,0.021480320571516276
100,17,0.003929352596883512
100,18,0.004615552041300486
100,19,0.02167773346570448
100,20,0.018135777189150076
100,21,0.02901538612911761
100,22,0.012675503844119529
100,23,0.004820467360665687
100,24,0.006323840477099357
100,25,0.0029068280069832753
100,26,0.00604852776791262
100,27,0.024204002726893686
100,28,0.02094317380695207
100,29,0.014745922678317841
100,30,0.00491063485989407
100,31,0.019729588889301652
100,32,0.01241746842596475
100,33,0.015444515483838822
100,34,0.0031216318761805584
100,35,0.028266714370481977
100,36,0.021353695078938056
100,37,0.016952543962883593
100,38,0.001978885821175641
100,39,0.017549200911395973
100,40,0.013282654806930166
100,41,0.0027700311157472235
100,42,0.012557103372931477
100,43,0.019487185998705636
100,44,0.02392519866787063
100,45,0.0107630041420885
100,46,0.011836079982431302
100,47,0.016715973410746487
100,48,0.0216151353388927
100,49,0.021132416531101678
100,50,0.03726310004328118
100,51,0.01878897974117269
100,52,0.013047901391616656
100,53,0.016380678774212176
100,54,0.0212727903087864
100,55,0.013697675747413915
100,56,0.009266746745296817
100,57,0.0134248526702678
100,58,0.02199602284891264
100,59,0.008898404257572823
100,60,0.012984413472287154
100,61,0.023352134692025073
100,62,0.027328779461178065
100,63,0.019381210372609564
100,64,0.04662576298660301
100,65,0.012777790602638103
100,66,0.007933230733155716
100,67,0.012258259626583418
100,68,0.020454707601755995
100,69,0.0046323255787382445
100,70,0.03441020378847379
100,71,0.02197368258999871
100,72,0.02649839811366514
100,73,0.010737668874081258
100,74,0.01803371372266392
100,75,0.028251491363766257
100,76,0.013710259015110082
100,77,0.0036953680662141636
100,78,0.0055038092288406115
100,79,0.011431885066084224
100,80,0.0137823080035748
100,81,0.0064427642971820465
100,82,0.018846465078712293
100,83,0.011364684270789432
100,84,0.019743636610823262
100,85,0.021059074357112295
100,86,0.010160015560904706
100,87,0.015337531603762944
100,88,0.014360772227990037
100,89,0.016022492517282244
100,90,0.01237932579962317
100,91,0.014996546323782833
100,92,0.0059730535033509224
100,93,0.016458627418021704
100,94,0.014419015662115564
100,95,0.02129841257114859
100,96,0.014165577267737817
100,97,0.019978330668038863
100,98,0.006540137253432471
100,99,0.012038257629366389
100,100,0.018332281351429544
100,101,0.013993630832576626
100,102,0.02072567838194972
100,103,0.019032457157748595
100,104,0.011507802281341906
100,105,0.006605522813154158
100,106,0.015008822378766162
100,107,0.03760554965008428
100,108,0.014823123550693956
100,109,0.008940746021172535
100,110,0.03196722128563606
100,111,0.007141001826254489
100,112,0.019442166064810557
100,113,0.012313461353513633
100,114,0.02496144093055233
100,115,0.015210950158312253
100,116,0.013228545942399333
100,117,0.004754065055296658
100,118,0.014253484508873773
100,119,0.028647796996683572
100,120,0.019402003575601123
100,121,0.015240853028029147
100,122,0.02810757203440284
100,123,0.014536869161501625
100,124,0.01206061360971944
100,125,0.00646792504714272
100,126,0.013257348087180543
100,127,0.010609453349215509
100,128,0.006302706984444378
100,129,0.011099842339199334
100,130,0.018721155442991216
100,131,0.0070103825084872895
100,132,0.021504700742103214
100,133,0.025502678956085434
100,134,0.00673197625818607
100,135,0.013574051249020641
100,136,0.02522887275950192
100,137,0.014832437407840987
100,138,0.03009856969504851
100,139,0.009878143567864373
100,140,0.011227849980417537
100,141,0.013256309490634083
100,142,0.011342477829611702
100,143,0.015418488985178003
100,144,0.00779135919697968
100,145,0.008157222327750069
100,146,0.0214873876592917
100,147,0.022481847781834624
100,148,0.008831495184624977
100,149,0.010332011851744344
100,150,0.02391072282579501
100,151,0.007780184113979738
100,152,0.00468654095745738
100,153,0.0047068674714653425
100,154,0.015516537684148762
100,155,0.028344884436397128
100,156,0.010897811334754592
100,157,0.010603082316092277
100,158,0.013121559290145163
100,159,0.014355542425124226
100,160,0.019030980883493698
100,161,0.0036588434147746818
100,162,0.011539599226911834
100,163,0.02982638733082013
100,164,0.02617564361582944
100,165,0.021502167231624403
100,166,0.008679925422297535
100,167,0.0181869229406508
100,168,0.007550125149731315
100,169,0.00663427540921227
100,170,0.008407640413626682
100,171,0.02468431533663143
100,172,0.01565765723772755
100,173,0.019785533944884623
100,174,0.021478104164479428
100,175,0.003118631293379831
100,176,0.0029075031028958642
100,177,0.006131412766773092
100,178,0.01166319160333748
100,179,0.0063749884558798875
100,180,0.024571435688248128
100,181,0.01097374422643399
100,182,0.012342625145711716
100,183,0.0233207355687782
100,184,0.012150689888884875
100,185,0.019509994881240528
100,186,0.011151269114238416
100,187,0.01187432138624181
100,188,0.009991462801810541
100,189,0.011217356286564284
100,190,0.003790645675579185
100,191,0.015517153945667744
100,192,0.014349995753598577
100,193,0.03907529490320116
100,194,0.018822949423272367
100,195,0.00442523860766092
100,196,0.021948747177510303
100,197,0.020192448199306268
100,198,0.03403919377320394
100,199,0.017382387135119387
400,0,0.005689606681726106
400,1,0.003682768415445653
400,2,0.0026808946949177515
400,3,0.007848977090966602
400,4,0.0022029718030097956
400,5,0.01086370015203486
400,6,0.004332352651286314
400,7,0.010452760402520606
400,8,0.008050494471776859
400,9,0.0037648850648916155
400,10,0.0073560309829275305
400,11,0.0036357009912622584
400,12,0.012872297691971332
400,13,0.003683659216575541
400,14,0.006911917210576296
400,15,0.015905415826401537
400,16,0.00898857469895134
400,17,0.008802272591891647
400,18,0.005750279579974926
400,19,0.0035820436624311447
400,20,0.005897170922894934
400,21,0.00386524268029681
400,22,0.00624799758550057
400,23,0.00538451600108289
400,24,0.009664698648820719
400,25,0.005747012979792493
400,26,0.0021002314670043043
400,27,0.007751032796987217
400,28,0.009776210239933802
400,29,0.006126666317727708
400,30,0.002953437338545667
400,31,0.0054056575822456765
400,32,0.005252213508089104
400,33,0.013532032562113466
400,34,0.005343515162553186
400,35,0.007307480213793294
400,36,0.0024937230420294942
400,37,0.007183754602379133
400,38,0.009844709181146188
400,39,0.017837262546660126
400,40,0.00912026448851809
400,41,0.00270397013017884
400,42,0.012857872854676655
400,43,0.007644679671252652
400,44,0.002703695538041978
400,45,0.008653710320472768
400,46,0.006244012782701536
400,47,0.010452427352297955
400,48,0.013658740205743425
400,49,0.00835722189770588
400,50,0.009497350838458082
400,51,0.015562009031128088
400,52,0.003991651107231015
400,53,0.011740409119733647
400,54,0.012535142761413709
400,55,0.0066483262613742655
400,56,0.006866380268119671
400,57,0.0009345312575367581
400,58,0.003355679007210649
400,59,0.008311814233090742
400,60,0.012958726474104357
400,61,0.010875155419244664
400,62,0.006552835686218533
400,63,0.011240871201565916
400,64,0.005266917612316402
400,65,0.005791736448564816
400,66,0.008679422815752624
400,67,0.007128449567857215
400,68,0.008401616316949828
400,69,0.009754240453495017
400,70,0.01153960716012839
400,71,0.007164270511115289
400,72,0.005594930823332511
400,73,0.00790662507713516
400,74,0.012059038143683518
400,75,0.004857051503084797
400,76,0.008501675685898186
400,77,0.005530018018412464
400,78,0.009148510152510975
400,79,0.006953996792588957
400,80,0.0022605266832317894
400,81,0.006185246961135371
400,82,0.009542553992549163
400,83,0.00848619575119755
400,84,0.010019930859331838
400,85,0.009397865179790243
400,86,0.003113001002350013
400,87,0.01337485452532855
400,88,0.007728778531324532
400,89,0.005111018972243808
400,90,0.007150553938809562
400,91,0.006583787511369982
400,92,0.010283311764582859
400,93,0.005690226415706268
400,94,0.0032892982807877502
400,95,0.0025440288562854907
400,96,0.003705014327600037
400,97,0.013881277188798113
400,98,0.009501015915021616
400,99,0.009963289655284258
400,100,0.003987434815753449
400,101,0.00934553007076866
400,102,0.005187353735073119
400,103,0.004246228880881969
400,104,0.0044189171588937814
400,105,0.009935019476462192
400,106,0.01318154659782908
400,107,0.015545461532215143
400,108,0.004522925979577541
400,109,0.01731381420523917
400,110,0.0021417959837382594
400,111,0.007170793453857738
400,112,0.008399669971205004
400,113,0.005130099406080391
400,114,0.01006619855989102
400,115,0.002415961616624246
400,116,0.01150215688623804
400,117,0.009534216800232795
400,118,0.003365093328142582
400,119,0.003507308916062546
400,120,0.006266362402833486
400,121,0.008931316483853952
400,122,0.005135573475788441
400,123,0.003920379986803446
400,124,0.00933889257214593
400,125,0.006793451201856926
400,126,0.004200313559276775
400,127,0.005627071915273174
400,128,0.00916707262093061
400,129,0.001239463215039982
400,130,0.008411199343635267
400,131,0.010171256676071577
400,132,0.013928488814365453
400,133,0.007209785282713849
400,134,0.00839112265791045
400,135,0.0054273399979827275
400,136,0.005772949335649563
400,137,0.0036791434751822227
400,138,0.002868476261596059
400,139,0.006106980187209871
400,140,0.007763560713914236
400,141,0.005457974308817504
400,142,0.007816928557453279
400,143,0.013079202560745684
400,144,0.005416760747811555
400,145,0.012625975162451147
400,146,0.002511511803417188
400,147,0.003174290049272277
400,148,0.011390165875320768
400,149,0.0033296882597732003
400,150,0.006393815795550345
400,151,0.01769910776921972
400,152,0.00490502092604761
400,153,0.009181531780326074
400,154,0.005017162478589382
400,155,0.01581399922944507
400,156,0.004379581858447612
400,157,0.014596346871316168
400,158,0.014065964708375817
400,159,0.012384936465122981
400,160,0.002391683616603052
400,161,0.005830146717369061
400,162,0.0025044576773753657
400,163,0.008032596199475356
400,164,0.015404889839243624
400,165,0.005616839660307321
400,166,0.011928984106467838
400,167,0.013810664196363356
400,168,0.009752291658311318
400,169,0.0055723909507204294
400,170,0.020725688240156942
400,171,0.005194940890275945
400,172,0.010649963394209094
400,173,0.00676063336698024
400,174,0.009575008381575628
400,175,0.0038043936153684677
400,176,0.002251573441836907
400,177,0.008112591440324113
400,178,0.0061412030310744326
400,179,0.0037843985297675298
400,180,0.00623100700712656
400,181,0.01373938552689849
400,182,0.009016847490338348
400,183,0.005764064496528609
400,184,0.011753957413167926
400,185,0.012898055412347287
400,186,0.007614737662541726
400,187,0.0029257037465998392
400,188,0.0036344262640891634
400,189,0.004054340886766483
400,190,0.008464049217787817
400,191,0.006300338424202412
400,192,0.003831928433822601
400,193,0.006926647519602258
400,194,0.0065254020895589016
400,195,0.011141213766320684
400,196,0.003272141078506291
400,197,0.01356760643633842
400,198,0.007163305100777478
400,199,0.007495115440437433
1600,0,0.005148038839080632
1600,1,0.00216174039359196
1600,2,0.0057404850952901265
1600,3,0.004001875665006094
1600,4,0.001357548383990742
1600,5,0.006801841529611746
1600,6,0.0036785292105565026
1600,7,0.0008636739480044342
1600,8,0.003706279536606766
1600,9,0.0029936441855527574
1600,10,0.004129725921064892
1600,11,0.002788571190757233
1600,12,0.0027818680283204222
1600,13,0.004624198242858285
1600,14,0.0008726249618168647
1600,15,0.004632412175318235
1600,16,0.0034898395546615335
1600,17,0.0054052521516055885
1600,18,0.0051114918316464975
1600,19,0.004582259714115217
1600,20,0.003508017914525624
1600,21,0.008588125741147895
1600,22,0.004658669550082345
1600,23,0.0011206449585614564
1600,24,0.003758456292571155
1600,25,0.007863613625779337
1600,26,0.0022036582369465707
1600,27,0.0013156237440526686
1600,28,0.005166790860122061
1600,29,0.0020873975243031195
1600,30,0.00638817973233366
1600,31,0.002487408660989149
1600,32,0.004835143713381812
1600,33,0.007057119089220881
1600,34,0.00493671757353864
1600,35,0.0027796920452429763
1600,36,0.005772427026103144
1600,37,0.005127327439063245
1600,38,0.0057622270135631315
1600,39,0.002797867875136084
1600,40,0.0012663238300116009
1600,41,0.005485621930162526
1600,42,0.0050072250214790726
1600,43,0.005130455540471673
1600,44,0.0012024548827681003
1600,45,0.001136775333052814
1600,46,0.0012923407176519408
1600,47,0.0007335567334184889
1600,48,0.0014756297007325059
1600,49,0.0015905128457943396
1600,50,0.005678072124635586
1600,51,0.007270572205615805
1600,52,0.0030027758438209706
1600,53,0.003219292742312335
1600,54,0.003066833951637926
1600,55,0.002650677440611704
1600,56,0.001746296690054383
1600,57,0.0018901533805427695
1600,58,0.003352481724363976
1600,59,0.0073850872451620975
1600,60,0.007183675778828724
1600,61,0.002094184993420567
1600,62,0.0013235033037218846
1600,63,0.00287546437359007
1600,64,0.007359391045246105
1600,65,0.00442464370124529
1600,66,0.002427024938477601
1600,67,0.0016856039331601125
1600,68,0.002402165735083117
1600,69,0.004265409735482728
1600,70,0.002145744224003765
1600,71,0.001441929727356378
1600,72,0.003755645857995149
1600,73,0.0038438691512417966
1600,74,0.0009788353911545644
1600,75,0.0036178306588689757
1600,76,0.003146996765463622
1600,77,0.0024653611251027885
1600,78,0.004719590545917252
1600,79,0.005206215413763829
1600,80,0.003805691916553472
1600,81,0.004140101273960167
1600,82,0.004424870214316701
1600,83,0.003126713718957397
1600,84,0.004478032852464953
1600,85,0.003948708483479169
1600,86,0.0010071179378115247
1600,87,0.0028806193530627466
1600,88,0.0053032621004764635
1600,89,0.001497993336365383
1600,90,0.0033563754558191827
1600,91,0.007539756304678957
1600,92,0.002711182320359856
1600,93,0.004109344553110322
1600,94,0.003140256392526436
1600,95,0.004818105550309426
1600,96,0.007277140728789988
1600,97,0.002112929484231113
1600,98,0.004273332999577217
1600,99,0.002680573197238245
1600,100,0.0030979102677137493
1600,101,0.0053586739910113645
1600,102,0.006965961063915338
1600,103,0.004935913659679936
1600,104,0.00258119025455375
1600,105,0.0035081568913010036
1600,106,0.0017997288241604348
1600,107,0.003476246280614742
1600,108,0.004343894973048018
1600,109,0.0015898201606260043
1600,110,0.005235531505406427
1600,111,0.004792743451522613
1600,112,0.0019784975701599428
1600,113,0.004075953387674164
1600,114,0.0038563143298665503
1600,115,0.003174314496389899
1600,116,0.0018970477114976514
1600,117,0.0018367438128337465
1600,118,0.0025937308140950854
1600,119,0.006655674849399051
1600,120,0.0017257973988420716
1600,121,0.004058403833731475
1600,122,0.003908508353638401
1600,123,0.0029911421360627466
1600,124,0.004010592325113832
1600,125,0.0016889095888471262
1600,126,0.00408697006800704
1600,127,0.0077102615530826035
1600,128,0.0026169032651702784
1600,129,0.005668332187690861
1600,130,0.004617818890587988
1600,131,0.002205162840712205
1600,132,0.0055275430146220494
1600,133,0.005799369964149648
1600,134,0.005418306294732306
1600,135,0.0051959132506565475
1600,136,0.007811732383992215
1600,137,0.003421735804478715
1600,138,0.005064669648912418
1600,139,0.002166875931212092
1600,140,0.005171222094582373
1600,141,0.0019709879114755413
1600,142,0.002467962092688847
1600,143,0.002188280946841731
1600,144,0.005491491104797949
1600,145,0.0044182984866739106
1600,146,0.0018261762274534576
1600,147,0.0022113869811634934
1600,148,0.005468746923290552
1600,149,0.002678921258382483
1600,150,0.005677698906034312
1600,151,0.000994136617337854
1600,152,0.0005573146647393779
1600,153,0.00717177989185204
1600,154,0.004764886980906102
1600,155,0.002073462039079349
1600,156,0.005011273119127621
1600,157,0.0034310943444130076
1600,158,0.005830330888481811
1600,159,0.007242726082515499
1600,160,0.0015960993529065826
1600,161,0.0025839584662128434
1600,162,0.0022977654628428823
1600,163,0.003685316147731321
1600,164,0.002020149793471343
1600,165,0.0019361775412042037
1600,166,0.0011763508923308408
1600,167,0.005732023375967621
1600,168,0.0010057257080400284
1600,169,0.009065959406314855
1600,170,0.00035303801349298447
1600,171,0.0024555828239248567
1600,172,0.003334446386881018
1600,173,0.0018677455909959506
1600,174,0.005655546308463016
1600,175,0.0034343626657379334
1600,176,0.007644030387450734
1600,177,0.008700932549905449
1600,178,0.0022262732423452003
1600,179,0.0026864246290084215
1600,180,0.0077469625580437185
1600,181,0.009436559195728889
1600,182,0.005798251322171655
1600,183,0.005966766221915276
1600,184,0.0025217235924213655
1600,185,0.0045541110879616375
1600,186,0.0038127223227265583
1600,187,0.0024921720455051144
1600,188,0.002359558221369823
1600,189,0.004842948706203221
1600,190,0.003722072838377999
1600,191,0.005708380795155066
1600,192,0.0014206319017195101
1600,193,0.006443294936425925
1600,194,0.0052851286860818025
1600,195,0.0021896386766104003
1600,196,0.0015773846448627893
1600,197,0.0027222110018872703
1600,198,0.0037055916557764135
1600,199,0.0017832393786922085
6400,0,0.0013584847058201177
6400,1,0.002004099648006269
6400,2,0.000825447902391585
6400,3,0.0005346756271485675
6400,4,0.0025273527908552806
6400,5,0.002896959679250022
6400,6,0.003939452992741399
6400,7,0.001955802338042406
6400,8,0.0006480586308379999
6400,9,0.00238600097183167
6400,10,0.0023217970747131667
6400,11,0.0021459797567968952
6400,12,0.0018162747581105254
6400,13,0.0006967428258899677
6400,14,0.003530033215668693
6400,15,0.0014316889471213956
6400,16,0.0016716068648542082
6400,17,0.0010460390464193947
6400,18,0.001621809816316544
6400,19,0.0024279598142988856
6400,20,0.0006010388531498545
6400,21,0.0018787215366706522
6400,22,0.00267633537746384
6400,23,0.0014707816613057922
6400,24,0.0010355031249991153
6400,25,0.0025540245326990674
6400,26,0.0028825050474147462
6400,27,0.0006431081519172044
6400,28,0.0025108722901352742
6400,29,0.00019869396295466024
6400,30,0.0024776924222194296
6400,31,0.001298510154447985
6400,32,0.0009724012970455387
6400,33,0.0031766217400790164
6400,34,0.0009102137752173278
6400,35,0.0032846846693423692
6400,36,0.0013405567498422089
6400,37,0.0010529086589733394
6400,38,0.0021935226710057543
6400,39,0.0011109580509262862
6400,40,0.0015490538501604645
6400,41,0.002824597039925311
6400,42,0.0035125336193445045
6400,43,0.00260646278315782
6400,44,0.0031165769007928112
6400,45,0.0031332682340781404
6400,46,0.001254337712447623
6400,47,0.0005558486366016302
6400,48,0.002619607285685055
6400,49,0.0018550639176325157
6400,50,0.0010623469345442949
6400,51,0.0012245944981061907
6400,52,0.004271857318916161
6400,53,0.0014665684399469692
6400,54,0.0017302648940832055
6400,55,0.0036017882936805745
6400,56,0.0014716971112475608
6400,57,0.0009945588745298162
6400,58,0.0032379751464353124
6400,59,0.0019099972903935947
6400,60,0.003056448211766122
6400,61,0.0011074150498364688
6400,62,0.0014958631036518788
6400,63,0.0013113987070938193
6400,64,0.0006735074286720599
6400,65,0.0021189793336721385
6400,66,0.001973870270324196
6400,67,0.00360579400361416
6400,68,0.0026963675064591297
6400,69,0.0034177613151982755
6400,70,0.0010350914034103487
6400,71,0.003299269767848806
6400,72,0.001436474155693146
6400,73,0.0016470075808321105
6400,74,0.0028043742491865586
6400,75,0.0026829075189200025
6400,76,0.0007413774541927542
6400,77,0.0017202906114030525
6400,78,0.0004896176948748221
6400,79,0.002373726526425285
6400,80,0.0013081932428471443
6400,81,0.00123292829406918
6400,82,0.0043455954507773675
6400,83,0.0015385976300562043
6400,84,0.0025321020996899313
6400,85,0.0027341779572713776
6400,86,0.00232521519769871
6400,87,0.001521026335317588
6400,88,0.0016979483433596787
6400,89,0.001445245433056852
6400,90,0.0030676493129535576
6400,91,0.0013597575116349736
6400,92,0.0024834133307974626
6400,93,0.0056350638023282
6400,94,0.0009975386379434403
6400,95,0.0023120414727579586
6400,96,0.004200412858451658
6400,97,0.0013563386628895058
6400,98,0.0026999838632524586
6400,99,0.0018948351536581254
6400,100,0.0014609860688064302
6400,101,0.002795480183280241
6400,102,0.0007461106639272685
6400,103,0.0023428081568340475
6400,104,0.0009096850189644345
6400,105,0.003568766866929085
6400,106,0.0008215857528722503
6400,107,0.0006713970792811275
6400,108,0.0013551398557852812
6400,109,0.0018180407812854182
6400,110,0.0008962746797574195
6400,111,0.002887977766698885
6400,112,0.0013833993850409232
6400,113,0.0021676167900393506
6400,114,0.0006711442757516839
6400,115,0.0012559939461660174
6400,116,0.0014992263710872367
6400,117,0.0006218240315670198
6400,118,0.004539363647470901
6400,119,0.000643832412742823
6400,120,0.0028795448178719762
6400,121,0.0014517714557576167
6400,122,0.004275801510880528
6400,123,0.0018425715236441431
6400,124,0.0023179644835004676
6400,125,0.0014769698287670219
6400,126,0.0011881775102411118
6400,127,0.0032652935003822103
6400,128,0.0015092180699979862
6400,129,0.0006738658008257348
6400,130,0.0013616049173650613
6400,131,0.001922916909702338
6400,132,0.002266171254977467
6400,133,0.0007598156100667997
6400,134,0.001487650385010364
6400,135,0.0008052193248772044
6400,136,0.003482808136743981
6400,137,0.00224111273068614
6400,138,0.0017657279424999617
6400,139,0.001675398568475206
6400,140,0.0019267731175233171
6400,141,0.0021301159310380124
6400,142,0.0010236432922980099
6400,143,0.003581034479903822
6400,144,0.0014263715278896583
6400,145,0.002142687554122724
6400,146,0.0023595508154488354
6400,147,0.00202457948925458
6400,148,0.002734430130696075
6400,149,0.0022405349705892086
6400,150,0.002174873920951642
6400,151,0.0027408111709844307
6400,152,0.002300268686287049
6400,153,0.001694828780668678
6400,154,0.001330318888700277
6400,155,0.0023445638945947256
6400,156,0.0009037792594849547
6400,157,0.0011694191736458526
6400,158,0.0011336183853556392
6400,159,0.0042141528304729114
6400,160,0.0002892931684551625
6400,161,0.0019789116083131497
6400,162,0.0009389288095633941
6400,163,0.0003402526823136631
6400,164,0.0017319762476305789
6400,165,0.004270460327817749
6400,166,0.0006795013405784534
6400,167,0.0021659640617743003
6400,168,0.0028416735261040382
6400,169,0.00160338594140072
6400,170,0.0018141889958414315
6400,171,0.0015604276010844909
6400,172,0.00174854399972027
6400,173,0.0018439945143566838
6400,174,0.0037875298124835366
6400,175,0.00408533557789989
6400,176,0.0009811229601559834
6400,177,0.0023912103759967385
6400,178,0.0023047118544850254
6400,179,0.000739442212275343
6400,180,0.0025483173796153336
6400,181,0.00278959928138503
6400,182,0.0027190801304747825
6400,183,0.0005492348016888915
6400,184,0.002389570275218633
6400,185,0.0019487127263623782
6400,186,0.001988771299794162
6400,187,0.0021841026253163753
6400,188,0.002443979622636372
6400,189,0.0009131460885069276
6400,190,0.0017556290728270585
6400,191,0.0012151259282407179
6400,192,0.0018173577735504098
6400,193,0.002559786880498849
6400,194,0.0025494032341972783
6400,195,0.0006631165032006114
6400,196,0.0008626019148833819
6400,197,0.001286279615722613
6400,198,0.001662821704183387
6400,199,0.0013538166377985439
